Country Code,Short Name,Table Name,Long Name,Region,Income Group,Other groups,GovernmentEffectiveness,Political StabilityNoViolence,VoiceandAccountability,Pop_female,Pop_male,Pop_total,Adolescent fertility %,Women justified in beating %,Energy pc,GDP pc,Human capital index,Statistical performance indicator,Freedom_Index,Economy_Index
IRL,Ireland,Ireland,Ireland,Europe & Central Asia,High income,Euro area,1.3714786529541,0.951973378658295,1.31459078788757,2374850.5,2333885.9,4708736.4,0.933904,,2874.47943929388,66183.9635243371,0.794644223093987,85.72875,0.86833235006675,0.698641838495993
CHE,Switzerland,Switzerland,Switzerland,Europe & Central Asia,High income,,2.01092941761017,1.31583909988403,1.55805442333221,4155551,4065383.6,8220934.6,0.3157,,3179.98442331557,66014.0149374302,0.764341617703438,87.0630208333333,0.970964850192119,0.684573987858012
NOR,Norway,Norway,Kingdom of Norway,Europe & Central Asia,High income,,1.89330167770386,1.17321152687073,1.69325430393219,2556826.7,2586940.7,5143767.4,0.575158,,6053.28515221514,63012.3990156838,0.770288266777992,85.4236458333333,0.961649273609617,0.727428420206195
ARE,United Arab Emirates,United Arab Emirates,United Arab Emirates,Middle East & North Africa,High income,,1.42992548942566,0.671721053123474,-1.09805953502655,2648523.3,6607778.4,9256301.7,1.224786,,7428.12453568367,62373.7120077228,0.65732180094719,57.160625,0.642798727651592,0.679427944823451
USA,United States,United States,United States of America,North America,High income,,1.5121586561203,0.437593740224838,1.05621844530106,161392135.7,157857193.3,319249329,2.4206,,6956.82556393942,57998.5042903521,0.717238941669464,88.6464583333333,0.817084617394167,0.685732810949623
KWT,Kuwait,Kuwait,State of Kuwait,Middle East & North Africa,High income,,-0.0885319087654352,0.000236708670854568,-0.624653625488281,1511411.3,2180496.1,3691907.4,0.896172,,10226.8083883778,55748.7905891726,0.568640700221062,57.6851041666667,0.505045912587312,0.643092003919538
AUT,Austria,Austria,Republic of Austria,Europe & Central Asia,High income,Euro area,1.47930929660797,0.997769820690155,1.3542311668396,4395185.9,4215673.2,8610859.1,0.79731,,3890.4226680742,53694.956399004,0.761548746943474,88.6275,0.88428926572158,0.63345748668632
NLD,Netherlands,Netherlands,Kingdom of the Netherlands,Europe & Central Asia,High income,Euro area,1.83326263427734,0.895590245723724,1.56644148826599,8518479.8,8422610.3,16941090.1,0.41432,,4577.83810091605,53662.3304338148,0.797513183951378,83.5564583333333,0.923830756531033,0.668851501533691
DNK,Denmark,Denmark,Kingdom of Denmark,Europe & Central Asia,High income,,1.86609101295471,0.91917279958725,1.56008396148682,2854781.3,2820495.2,5675276.5,0.437928,,3107.84872230824,53495.9062272459,0.762166264414787,82.2544791666667,0.927858861644432,0.618003120484273
ISL,Iceland,Iceland,Republic of Iceland,Europe & Central Asia,High income,,1.46245746612549,1.41729204654694,1.37144556045532,165793.3,167392.6,333185.9,0.800218,,17730.664810153,51286.1189760513,0.745972645878792,74.2772916666667,0.917481609146429,0.873621228337396
DEU,Germany,Germany,Federal Republic of Germany,Europe & Central Asia,High income,Euro area,1.67912623882294,0.630083048343658,1.38707885742188,41507656.4,40172030.3,81679686.7,0.811002,,3880.06410866668,51163.623797889,0.767668883800506,86.3535416666667,0.874646475119909,0.624186876302656
SWE,Sweden,Sweden,Kingdom of Sweden,Europe & Central Asia,High income,,1.81759943962097,0.989722120761871,1.58244004249573,4897754.8,4889972.4,9787727.2,0.529442,,5197.96829106579,50339.85386052,0.789995101094246,88.4866666666667,0.931342873131579,0.658944660993004
BEL,Belgium,Belgium,Kingdom of Belgium,Europe & Central Asia,High income,Euro area,1.23006439208984,0.469569146633148,1.38318104743958,5704221.9,5527756.1,11231978,0.555588,,4978.45803968382,49536.5869225418,0.758226566195488,78.6855208333333,0.824490310874773,0.630781694467696
AUS,Australia,Australia,Commonwealth of Australia,East Asia & Pacific,High income,,1.56738963127136,0.982446837425232,1.36779654026031,11863598.8,11803026.1,23666624.9,1.217962,,5566.75412627213,47538.2143001612,0.777229315757751,88.2714583333334,0.891538908287677,0.64364374907335
SAU,Saudi Arabia,Saudi Arabia,Kingdom of Saudi Arabia,Middle East & North Africa,High income,,0.269675746560097,-0.530553126335144,-1.7006767988205,13396913.1,17707257.5,31104170.6,0.891344,,6647.61078674019,47452.2333801692,0.572649797201157,54.9414583333334,0.399922750553689,0.535483296047653
CAN,Canada,Canada,Canada,North America,High income,,1.76909086704254,1.12971465587616,1.47544410228729,17972014.4,17687493.6,35659508,0.996576,,7784.40832611702,47293.5922949856,0.792678454279899,86.69125,0.929139095304697,0.694091770823252
FIN,Finland,Finland,Republic of Finland,Europe & Central Asia,High income,Euro area,1.89845933914185,0.988970291614532,1.56597757339478,2773151.3,2685474.5,5458625.8,0.668022,,6316.07953340817,46524.677020092,0.810461622834206,88.3005208333333,0.936552811761672,0.673496047123813
BHR,Bahrain,Bahrain,Kingdom of Bahrain,Middle East & North Africa,High income,,0.312040576338768,-0.866162693500519,-1.37800126075745,523504.2,873734.3,1397238.5,1.368944,,10159.3099650107,46392.1550203646,0.647320766568184,49.7428125,0.404801042601318,0.643400023096516
GBR,United Kingdom,United Kingdom,United Kingdom of Great Britain and Northern Ireland,Europe & Central Asia,High income,,1.50745763778687,0.354218769818544,1.31502482891083,32901886.9,31952043.4,64853930.3,1.611854,,2962.52619432446,44423.3873805581,0.776594723701477,82.9015625,0.832457168094106,0.578022583740175
FRA,France,France,French Republic,Europe & Central Asia,High income,Euro area,1.41185491085052,0.128295633941889,1.16297655105591,34158072.7,32091864.4,66249937.1,0.572626,,3814.20283982422,43800.831404103,0.76014733672142,86.090625,0.793596879951193,0.580676275976511
ITA,Italy,Italy,Italian Republic,Europe & Central Asia,High income,Euro area,0.472134035825729,0.3730015873909,1.02868189811707,30990635.4,29193195.9,60183831.3,0.55943,,2657.33372221575,41554.9368757144,0.749991478085518,90.0845833333333,0.7235605388215,0.540940926446457
NZL,New Zealand,New Zealand,New Zealand,East Asia & Pacific,High income,,1.76693773269653,1.53592309951782,1.56786544322968,2345038.5,2266801.5,4611840,2.13302,,4350.79623539544,40601.4156830007,0.773209432840347,82.7597916666667,0.968988905417661,0.582710911006793
JPN,Japan,Japan,Japan,East Asia & Pacific,High income,,1.69723513126373,1.05143176317215,0.99015566110611,65036625,62160208.9,127196833.9,0.413292,,3584.73194030106,39646.7117521587,0.826402743220329,80.75,0.875127657981731,0.596662062595978
KOR,Korea,Korea. Rep.,Republic of Korea,East Asia & Pacific,High income,,1.14165651798248,0.344965711236,0.71653505563736,25339058.5,25438596.2,50777654.7,0.15689,,5240.81576626206,38653.01019194,0.825737186074257,81.941875,0.749800045496926,0.622552432650324
MLT,Malta,Malta,Republic of Malta,Middle East & North Africa,High income,Euro area,0.927560138702393,1.15484313964844,1.16063828468323,223601.8,223241.1,446842.9,1.325292,,1936.15062589696,38194.3654768548,0.699739223957062,73.7783333333333,0.834320521546307,0.478648791660547
ESP,Spain,Spain,Kingdom of Spain,Europe & Central Asia,High income,Euro area,1.0649822473526,0.313218122720718,1.05298125743866,23706484.6,22958213.5,46664698.1,0.85042,,2610.66960436418,37902.2043469664,0.728924251914024,87.394375,0.769992823592511,0.508226575553276
ISR,Israel,Israel,State of Israel,Middle East & North Africa,High income,,1.33056313991547,-0.891567742824554,0.713264107704163,4193370.4,4121759.6,8315130,1.06002,,2916.80544911643,37651.9494984816,0.744582203149796,76.8852083333333,0.667583952679935,0.522562192455304
CYP,Cyprus,Cyprus,Republic of Cyprus,Europe & Central Asia,High income,Euro area,0.968586599826813,0.541751140356064,1.04978861808777,578293.9,578439.5,1156733.4,0.491092,,1932.47914348499,36464.3099230354,0.736874807119369,76.1235416666667,0.779773026434884,0.493027052721124
CZE,Czech Republic,Czech Republic,Czech Republic,Europe & Central Asia,High income,,0.9792839884758,0.989215040206909,0.981735122203827,5366734.2,5186218.7,10552952.9,1.137172,,4022.40762967649,36300.9718989853,0.756435810208321,81.6876041666666,0.810089166427335,0.544046485960989
BHS,The Bahamas,Bahamas. The,Commonwealth of The Bahamas,Latin America & Caribbean,High income,,0.606917536258697,0.914352667331696,0.876466071605682,191748.4,180744,372492.4,3.156634,,,36237.3767209712,,46.3626041666667,0.764286454225971,0.180608870685691
SVN,Slovenia,Slovenia,Republic of Slovenia,Europe & Central Asia,High income,Euro area,1.09551519155502,0.908398985862732,1.00060118436813,1038369.8,1025406,2063775.8,0.424208,,3385.53239134298,34803.6260546742,0.775951328992844,88.2788541666667,0.814958069158264,0.536573657426195
PRT,Portugal,Portugal,Portuguese Republic,Europe & Central Asia,High income,Euro area,1.22502074241638,1.05490387678146,1.18786554336548,5465891.7,4939885.7,10405777.4,1.007268,,2108.27992484671,31960.9629940626,0.767757037520409,85.2117708333334,0.853397082539729,0.492743348118158
EST,Estonia,Estonia,Republic of Estonia,Europe & Central Asia,High income,Euro area,1.12697505950928,0.635649788379669,1.20634524822235,702596.9,618563.9,1321160.8,1.212066,,4337.34604970976,31383.0768364211,0.75599806535244,83.4028125,0.81380044568785,0.524658066025149
OMN,Oman,Oman,Sultanate of Oman,Middle East & North Africa,High income,,0.182434958219528,0.709247004985809,-1.06783556938171,1450595,2629365.7,4079960.7,1.383274,7.9,6444.82315355966,30741.5488215949,0.597214018583298,55.4170833333333,0.54515213601962,0.46181176186586
LTU,Lithuania,Lithuania,Republic of Lithuania,Europe & Central Asia,High income,Euro area,1.06722308397293,0.790845346450806,0.981555414199829,1574612.1,1345432.9,2920045,1.22751,,2380.23197619954,30558.6266100842,0.70828330206871,81.898125,0.80169809465581,0.45347475740017
GRC,Greece,Greece,Hellenic Republic,Europe & Central Asia,High income,Euro area,0.307992690801621,0.00792114287614822,0.764390695095062,5545739.4,5347306.5,10893045.9,0.796182,,2287.84716303054,29796.1685979973,0.695168168783188,84.0564583333333,0.658361088254049,0.439617465731307
SVK,Slovak Republic,Slovak Republic,Slovak Republic,Europe & Central Asia,High income,Euro area,0.78276207447052,0.807805681228638,0.930801868438721,2787857.6,2634560.6,5422418.2,2.406824,,3113.21004995539,28414.486510059,0.679348795175552,84.7958333333333,0.775119226159757,0.438294711799733
TTO,Trinidad and Tobago,Trinidad and Tobago,Republic of Trinidad and Tobago,Latin America & Caribbean,High income,,0.202007794380188,0.229962884634733,0.556997084617615,689461.2,674736.7,1364197.9,3.241762,,14607.8945926909,27978.1193192868,0.592333710312843,41.9972916666667,0.649209317134811,0.599313194561512
POL,Poland,Poland,Republic of Poland,Europe & Central Asia,High income,,0.682534050941467,0.584409356117249,0.817841136455536,19600299.8,18408969.6,38009269.4,1.242134,,2564.91677312826,27921.4089248499,0.740437930107116,85.4835416666666,0.739449605956263,0.463673773184591
HUN,Hungary,Hungary,Hungary,Europe & Central Asia,High income,,0.493272763490677,0.738869500160217,0.37369812130928,5177404.5,4686933.9,9864338.4,2.218972,,2409.00324614174,27550.7467000809,0.695220438361168,84.5222916666667,0.697639416447489,0.430494156977633
PAN,Panama,Panama,Republic of Panama,Latin America & Caribbean,High income,,0.109166882932186,0.352579653263092,0.559166896343231,1963356.6,1975862.8,3939219.4,8.417182,5.7,1046.96228508148,27448.2033073903,0.515182076573372,55.01125,0.651389618820123,0.291346155696853
LVA,Latvia,Latvia,Republic of Latvia,Europe & Central Asia,High income,Euro area,1.02939658164978,0.449780696630478,0.836811602115631,1078287.1,913544.9,1991832,1.579132,,2143.77645357624,26266.2353674361,0.711348241329193,83.985,0.759163895991675,0.429024896665408
RUS,Russia,Russian Federation,Russian Federation,Europe & Central Asia,Upper middle income,,-0.0775655932724476,-0.738095593452454,-1.09305737018585,77167393.5,66648495,143815888.5,2.342906,,5011.39591812139,25849.9371670961,0.684979654312134,74.756875,0.407266013155114,0.464706282412964
HRV,Croatia,Croatia,Republic of Croatia,Europe & Central Asia,High income,,0.489267057180405,0.702371418476105,0.526227343082428,2178356.9,2020969.6,4199326.5,1.000612,,2045.66882340114,25427.8433027739,0.713839742064476,65.5722916666667,0.7075944043201,0.424451786673742
SYC,Seychelles,Seychelles,Republic of Seychelles,Sub-Saharan Africa,High income,,0.445573234558105,0.719866728782654,0.196004731953144,44867,47647.8,92514.8,6.134794,,,25322.6455769584,0.62896803689003,48.4009722222222,0.676855165025637,0.334556245514432
TUR,Turkey,Turkey,Republic of Turkey,Europe & Central Asia,Upper middle income,,0.0805315838195384,-1.5885427236557,-0.665320074558258,39535559.8,38343110.4,77878670.2,2.90363,13.3,1561.49285379662,25115.0027225847,0.632012027740478,83.9940625,0.390167518494053,0.362406277487285
MYS,Malaysia,Malaysia,Malaysia,East Asia & Pacific,Upper middle income,,0.943325793743134,0.176393963396549,-0.266627117246389,14589038.1,15491135.5,30080173.6,1.327316,,2786.74794482868,24363.2924704874,0.612474968314171,67.5510416666667,0.635224388836137,0.369542763684972
CHL,Chile,Chile,Republic of Chile,Latin America & Caribbean,High income,,1.01696501970291,0.381011253595352,1.01519713401794,9105172.5,8830525.8,17935698.3,4.722864,,2022.84240433058,23941.0240266019,0.654307329416275,80.3861458333333,0.768107380719159,0.37913086836205
KAZ,Kazakhstan,Kazakhstan,Republic of Kazakhstan,Europe & Central Asia,Upper middle income,,0.0024411765858531,-0.019895645417273,-1.19558639526367,8983287.5,8432688.7,17415976.2,3.021878,12.2,4505.16960749421,23876.0888113363,0.68639914894104,75.1528125,0.461702209008817,0.445938711703117
ARG,Argentina,Argentina,Argentine Republic,Latin America & Caribbean,Upper middle income,,0.0352329887449741,0.0576180825009942,0.519037175178528,21992045.5,20893555.3,42885600.8,6.307178,2,1962.89029045416,23580.5837222435,0.60476712846756,64.1032291666667,0.61853567494743,0.345112597717527
URY,Uruguay,Uruguay,Oriental Republic of Uruguay,Latin America & Caribbean,High income,,0.557755601406097,1.04094243049622,1.18877422809601,1764267.9,1643819.7,3408087.6,5.957048,1.5,1328.87641435956,20197.1255810601,0.598008313775063,67.6240625,0.797164986150034,0.311610257234167
BGR,Bulgaria,Bulgaria,Republic of Bulgaria,Europe & Central Asia,Upper middle income,,0.275130066275597,0.286141603812575,0.384841150045395,3693801.3,3498341.3,7192142.6,4.17951,,2470.79247185478,19813.6485275774,0.649198666453361,79.1891666666667,0.6448316422907,0.363366958643041
MUS,Mauritius,Mauritius,Republic of Mauritius,Sub-Saharan Africa,High income,,0.932965230941772,0.93611513376236,0.800842177867889,636168.5,623829.3,1259997.8,2.731042,,1076.17813517477,19712.5136199875,0.617817002773285,76.2304166666667,0.786452678861262,0.316764376264569
MEX,Mexico,Mexico,United Mexican States,Latin America & Caribbean,Upper middle income,,0.000236940011382103,-0.686219370365143,-0.0388086219318211,61812227.4,59185788.1,120998015.5,6.315376,,1578.21246022828,19084.1748792759,0.60518142747879,86.0876041666667,0.508797988066445,0.315153116599466
MNE,Montenegro,Montenegro,Montenegro,Europe & Central Asia,Upper middle income,,0.149900257587433,0.0845642251893878,0.0901682544499636,314288.3,307133.2,621421.5,1.148512,2.7,1708.85960676233,18546.4946027405,0.614043889045715,62.1620833333334,0.593129741258685,0.320439808884705
CRI,Costa Rica,Costa Rica,Republic of Costa Rica,Latin America & Caribbean,Upper middle income,,0.356204333901405,0.577898973226547,1.13144361972809,2407294.3,2410712.9,4818007.2,5.655926,3.5,1014.69410784018,18482.8295778686,0.612163181662559,76.605,0.739005497239816,0.305785322058144
BLR,Belarus,Belarus,Republic of Belarus,Europe & Central Asia,Upper middle income,,-0.351810351014137,0.168765677511692,-1.38258187770844,5067751.8,4408200.2,9475952,1.77699,4.1,3006.03515027121,18448.881047032,0.700078189373016,70.9407291666667,0.431136059191307,0.398430715015319
MDV,Maldives,Maldives,Republic of Maldives,South Asia,Upper middle income,,-0.366315460205078,0.237032998539507,-0.618817496299744,181483.4,265271.9,446755.3,0.945648,22,,17598.6390251959,,50.6604166666667,0.501249565245651,0.0855532565781857
SUR,Suriname,Suriname,Republic of Suriname,Latin America & Caribbean,Upper middle income,,-0.509271001815796,0.146426656842232,0.39247938990593,276132.1,279667.2,555799.3,6.368632,12.5,1322.62938429823,17240.1942339811,,45.2888541666667,0.5695666279041,0.106201334865359
LBN,Lebanon,Lebanon,Lebanese Republic,Middle East & North Africa,Upper middle income,,-0.599479639530182,-1.64120752811432,-0.510070043802261,3055498,3107639.9,6163137.9,1.531858,,1238.92211489367,16933.6945820235,0.525920494556427,42.0777083333333,0.343149660577972,0.248089224046594
BWA,Botswana,Botswana,Republic of Botswana,Sub-Saharan Africa,Upper middle income,,0.446247017383575,1.00963884592056,0.445445811748505,1095780.2,1027901.7,2123681.9,4.69252,,1153.04836905958,16467.9028655283,0.404564277589321,54.1539583333334,0.721305697631835,0.168039247001101
THA,Thailand,Thailand,Kingdom of Thailand,East Asia & Pacific,Upper middle income,,0.35682874917984,-0.812701749801636,-0.973701322078705,35039775.2,33468465.2,68508240.4,4.762236,13.1,1863.57122124041,16303.7349073376,0.603789425849915,76.4316666666666,0.447623618862229,0.305507112322976
SRB,Serbia,Serbia,Republic of Serbia,Europe & Central Asia,Upper middle income,,0.101149515062571,0.0783114485442638,0.115507139684632,3626453.1,3485719.1,7112172.2,1.67788,3.8,2067.86259513991,15958.0040079053,0.710553915500641,73.4573958333334,0.590790019402149,0.374518011441291
DOM,Dominican Republic,Dominican Republic,Dominican Republic,Latin America & Caribbean,Upper middle income,,-0.349758493900299,0.140094554796815,0.167520534992218,5102952.8,5118179.3,10221132.1,9.597878,2.15,777.007838664011,15158.340539489,0.50054906352361,62.1123958333333,0.562846753868421,0.214384996649163
GAB,Gabon,Gabon,Gabonese Republic,Sub-Saharan Africa,Upper middle income,,-0.832191276550293,-0.122015283256769,-0.979553937911987,937305.5,969850.9,1907156.4,10.103438,50.2,2647.80079368997,15073.2148628744,0.455666777451833,26.7059375,0.403235754871288,0.221268460862844
BRA,Brazil,Brazil,Federative Republic of Brazil,Latin America & Caribbean,Upper middle income,,-0.256609484553337,-0.412265586853027,0.421397191286087,103319244.4,100211017.7,203530262.1,6.164038,,1419.20837176082,15047.8093191353,0.547543540000915,74.3085416666667,0.548886407250555,0.255437034249687
MKD,North Macedonia,North Macedonia,Republic of North Macedonia,Europe & Central Asia,Upper middle income,,0.0914731439668685,-0.228366433829069,-0.113110708910972,1038607,1039376.4,2077983.4,1.686338,14.5,1377.48517202738,14871.0122294501,0.541128804445267,67.2077083333333,0.546058176411983,0.249725145597296
LCA,St. Lucia,St. Lucia,St. Lucia,Latin America & Caribbean,Upper middle income,,0.12715339846909,0.960370230674744,0.96417133808136,90699.7,87987.1,178686.8,4.239272,6.5,,14610.5440152769,0.595575749874115,50.380625,0.735792621975736,0.259000453106844
AZE,Azerbaijan,Azerbaijan,Republic of Azerbaijan,Europe & Central Asia,Upper middle income,,-0.166175380349159,-0.731962156295776,-1.53284964561462,4809637.4,4760394.4,9570031.8,5.209158,,1419.57651706463,14359.6683379227,0.575384273409843,62.5853125,0.36245607047001,0.269380888584338
LBY,Libya,Libya,Socialist People's Libyan Arab Jamahiriya,Middle East & North Africa,Upper middle income,,-1.81762030124664,-2.36799159049988,-1.43903450965881,3173061.4,3262985.6,6436047,0.593824,,2833.76403481184,14323.294244373,,22.998125,0.104830556943851,0.11995453977966
COL,Colombia,Colombia,Republic of Colombia,Latin America & Caribbean,Upper middle income,,-0.0217134209349751,-0.882384550571442,0.131520342454314,24214757.5,23288284.8,47503042.3,7.016336,2.7,701.380455671533,13616.5864800996,0.594058410644531,72.03,0.50620681051336,0.263686820225631
IRN,Iran,Iran. Islamic Rep.,Islamic Republic of Iran,Middle East & North Africa,Upper middle income,,-0.316298916935921,-1.1416986823082,-1.36872494220734,38651743.4,39481195.6,78132939,3.74383,,2875.88032499165,13358.231225922,0.585233876943588,52.1102083333333,0.331873413959672,0.298036189984594
ZAF,South Africa,South Africa,Republic of South Africa,Sub-Saharan Africa,Upper middle income,,0.318923556804657,-0.213817456364632,0.65255423784256,27825940.6,27097984.4,54923925,6.964116,5.5,2683.96235587588,12695.4294415056,0.419835264921188,75.2446875,0.632116504180158,0.187373371229544
BIH,Bosnia and Herzegovina,Bosnia and Herzegovina,Bosnia and Herzegovina,Europe & Central Asia,Upper middle income,,-0.534670454263687,-0.387124180793762,-0.175348053872585,1772795.1,1706046.1,3478841.2,1.094958,4.8,1924.73813420104,12640.7494517742,0.605649699529012,58.0941666666667,0.476353174786333,0.289150838494302
GEO,Georgia,Georgia,Georgia,Europe & Central Asia,Upper middle income,,0.589844983816147,-0.405719614028931,0.255638378858566,1952385.7,1781273,3733658.7,4.860752,,998.088136652297,12397.7486385719,0.583283090949059,76.5320833333333,0.605129712221103,0.25633980065688
CHN,China,China,People's Republic of China,East Asia & Pacific,Upper middle income,,0.435718029737473,-0.362467697262764,-1.55669536590576,665495921.7,702594578.3,1368090500,0.750318,,2129.37269641676,12389.5322689673,0.657733825206757,55.6395833333333,0.439351374940932,0.324384934671942
FJI,Fiji,Fiji,Republic of Fiji,East Asia & Pacific,Upper middle income,,0.00316867232322693,0.777063250541687,0.109912720322609,428210.5,443021.3,871231.8,4.752468,,,12209.2236613157,0.508573293685913,57.3066666666666,0.637332477272071,0.192234096266511
UKR,Ukraine,Ukraine,Ukraine,Europe & Central Asia,Lower middle income,,-0.453049111366272,-1.8142261505127,-0.00553230145014823,24295772.6,20897281.1,45193053.7,2.576696,2.9,2646.09666040933,12152.5336689985,0.638338547229767,69.4123958333333,0.385164991605297,0.320811819321552
TKM,Turkmenistan,Turkmenistan,Turkmenistan,Europe & Central Asia,Upper middle income,,-1.07784974575043,-0.100304274726659,-2.16839599609375,2799762.5,2714260.1,5514022.6,2.51224,,4770.67340076242,12048.6077862774,,21.6265625,0.282003682031415,0.145049450024511
ALB,Albania,Albania,Republic of Albania,Europe & Central Asia,Upper middle income,,0.0321585226804018,0.313209895789623,0.178163558244705,1420688.6,1464675.5,2885364.1,2.002874,6.8,758.36101275138,12030.6869587238,0.606880041003227,71.1357291666667,0.609023916302038,0.264713062322864
VCT,St. Vincent and the Grenadines,St. Vincent and the Grenadines,St. Vincent and the Grenadines,Latin America & Caribbean,Upper middle income,,0.186791599169374,0.943929398059845,0.934341442584991,53615.6,55556.6,109172.2,5.178014,,,11928.8641398165,0.534603208303452,40.5255208333333,0.73685495561984,0.207115873636576
PER,Peru,Peru,Republic of Peru,Latin America & Caribbean,Upper middle income,,-0.179623194038868,-0.252456712722778,0.257162335515022,15335819.3,15164570.5,30500389.8,5.987492,4,691.929462953259,11811.1235974214,0.582791292309761,67.4094791666667,0.553688699469462,0.247239583305682
PRY,Paraguay,Paraguay,Republic of Paraguay,Latin America & Caribbean,Upper middle income,,-0.723096323013306,0.0217591105727479,-0.00790855288505554,3264511.6,3380258.1,6644769.7,7.19444,,771.886430164777,11653.9288795108,0.524821685671807,57.8665625,0.507477466084655,0.21162621484734
LKA,Sri Lanka,Sri Lanka,Democratic Socialist Republic of Sri Lanka,South Asia,Lower middle income,,-0.106466478854418,-0.069938981719315,-0.0943848272785544,10837815.8,10116024.9,20953840.7,2.134234,,509.471226694594,11478.9776406943,0.591898285230001,72.0870833333333,0.543797298539105,0.247795799187884
ECU,Ecuador,Ecuador,Republic of Ecuador,Latin America & Caribbean,Upper middle income,,-0.370893627405167,-0.114802846312523,-0.109194288402796,8057343.3,8076149.6,16133492.9,8.090362,,825.944462817821,11465.6665218988,0.57957027900219,72.1934375,0.51710067707392,0.245998319592278
DZA,Algeria,Algeria,People's Democratic Republic of Algeria,Middle East & North Africa,Lower middle income,,-0.516259908676147,-0.986704301834106,-0.927011942863464,19505290.8,19898380.7,39403671.5,1.06302,59,1211.88755305685,11452.75732946,0.530208318948746,48.788125,0.365686191674646,0.222311790188315
GUY,Guyana,Guyana,Co-operative Republic of Guyana,Latin America & Caribbean,Upper middle income,HIPC,-0.316714519262314,-0.125009133666754,0.247559124231338,383254.2,382277.5,765531.7,7.883888,10.2,,11369.9211559909,0.494856504996618,38.0573958333333,0.551572680436245,0.17935814950198
ARM,Armenia,Armenia,Republic of Armenia,Europe & Central Asia,Upper middle income,,-0.102906039729714,-0.495527058839798,-0.347909863293171,1547134,1369274.8,2916408.8,2.316138,9.7,970.775627007147,11222.8484292006,0.577574919700622,81.26625,0.488628564502686,0.246253473858177
EGY,Egypt,Egypt. Arab Rep.,Arab Republic of Egypt,Middle East & North Africa,Lower middle income,,-0.611409342288971,-1.31902046203613,-1.27716279029846,45249457.5,46219132.4,91468589.9,5.418468,35.7,871.783098320419,10709.7816745143,0.487935013711453,74.741875,0.30136890060183,0.185588805970615
MDA,Moldova,Moldova,Republic of Moldova,Europe & Central Asia,Lower middle income,,-0.531837636232376,-0.345665836334229,-0.0358670147135854,1457897.7,1348076.6,2805974.3,2.410438,11.2,1171.33689559574,10507.5251410487,0.575423974990845,73.8485416666667,0.491898511814484,0.245057234382137
MNG,Mongolia,Mongolia,Mongolia,East Asia & Pacific,Lower middle income,,-0.241931088268757,0.757465040683746,0.301712256669998,1501654.1,1468426.8,2970080.9,2.847806,10.1,1669.84360380327,10445.3053785437,0.619235599358877,73.5897916666666,0.63206273065169,0.281638788211324
IRQ,Iraq,Iraq,Republic of Iraq,Middle East & North Africa,Upper middle income,,-1.28681333065033,-2.39239954948425,-1.02426937818527,17177558.6,17562975.9,34740534.5,7.527688,51.2,1392.31936473762,10434.3162103443,0.401708522796631,36.1934375,0.182625332523116,0.140012125005658
TUN,Tunisia,Tunisia,Republic of Tunisia,Middle East & North Africa,Lower middle income,,-0.127689719200134,-0.96361790895462,0.240053725242615,5610393.8,5531360.1,11141753.9,0.764872,30.3,945.183164707335,10402.8405974493,0.514908443808555,62.2536458333333,0.500397507086557,0.202316867367736
JOR,Jordan,Jordan,Hashemite Kingdom of Jordan,Middle East & North Africa,Upper middle income,,0.115508382022381,-0.473269534111023,-0.713356709480286,4392004.7,4519088.4,8911093.1,2.712156,18.35,938.879807416025,10400.4908545719,0.554657912135124,59.3954166666667,0.47691116955176,0.227094370165538
IDN,Indonesia,Indonesia,Republic of Indonesia,East Asia & Pacific,Upper middle income,,0.0340968640521169,-0.500771969556808,0.164287909865379,127316600.1,129204461,256521061.1,4.884566,33.25,862.316389783852,10010.5460932873,0.527339287996292,70.893125,0.543762580460888,0.206536017801937
BTN,Bhutan,Bhutan,Kingdom of Bhutan,South Asia,Lower middle income,,0.430159592628479,1.08162224292755,0.0218710271641612,341870.5,381861.2,723731.7,2.48941,68.4,,9994.14199062448,0.475297033786774,50.9398958333334,0.689091697955769,0.160084925291104
NAM,Namibia,Namibia,Republic of Namibia,Sub-Saharan Africa,Upper middle income,,0.163763599097729,0.660838520526886,0.548755276203156,1186641.8,1112921.4,2299563.2,7.083056,28.2,756.882332377747,9796.29207339321,0.430056347846985,51.6346875,0.679330118659709,0.14248373766654
JAM,Jamaica,Jamaica,Jamaica,Latin America & Caribbean,Upper middle income,,0.427682045102119,0.313659888505936,0.647072553634644,1449362.8,1431998.4,2881361.2,5.712042,4.9,983.756017583148,9539.35340681331,0.539416621208191,52.6036458333334,0.682260407234751,0.214001940846888
SWZ,Eswatini,Eswatini,Kingdom of Eswatini,Sub-Saharan Africa,Lower middle income,,-0.60398815870285,-0.395009577274323,-1.38937313556671,572301.5,530210.4,1102511.9,7.858448,19.9,,8151.46639492782,0.365452697038651,47.2827083333334,0.365202433350467,0.0818537903601189
SLV,El Salvador,El Salvador,Republic of El Salvador,Latin America & Caribbean,Lower middle income,,-0.359626314043999,-0.176513658091426,0.135313314944506,3342398.6,2971326.4,6313725,7.177224,8,667.600675239819,8084.01776893628,0.530720774650574,67.5180208333333,0.534269503252552,0.19514095276262
GTM,Guatemala,Guatemala,Republic of Guatemala,Latin America & Caribbean,Upper middle income,,-0.663352298736572,-0.584736728668213,-0.313899153470993,7842583.3,7592111.1,15434694.4,7.503184,11,775.757002717931,7983.71910118941,0.454995533227921,61.2088541666667,0.438154743055249,0.149225472481518
BOL,Bolivia,Bolivia,Plurinational State of Bolivia,Latin America & Caribbean,Lower middle income,HIPC,-0.524708145856857,-0.337818011641502,-0.0393848064355552,5364053,5420822.2,10784875.2,6.913798,,712.667465027671,7770.49718719126,,60.7313541666667,0.492803949259836,0.0463508811896957
AGO,Angola,Angola,People's Republic of Angola,Sub-Saharan Africa,Lower middle income,,-1.04610984325409,-0.355229985713959,-1.02187889814377,13890298.9,13591807.8,27482106.7,15.902234,25.2,534.695401057286,7630.5075400896,0.361198782444,50.1507291666667,0.363481995000778,0.0840796137259122
PHL,Philippines,Philippines,Republic of the Philippines,East Asia & Pacific,Lower middle income,,0.0310116240754724,-1.07750395536423,0.0927600126713514,50247354.5,50937955,101185309.5,5.573624,11.9,445.546727829905,7250.34237251605,0.537659235159556,74.8346875,0.491828372527126,0.191030357826751
BLZ,Belize,Belize,Belize,Latin America & Caribbean,Upper middle income,,-0.653440511226654,0.0441476358100772,0.540296697616577,178753.6,178077.2,356830.8,7.081022,8.6,,7149.02986678522,,54.1688541666667,0.562327670700975,0.0322613420747012
MAR,Morocco,Morocco,Kingdom of Morocco,Middle East & North Africa,Lower middle income,,-0.138064336776733,-0.346758437156677,-0.640489017963409,17383376.4,17031351.3,34414727.7,3.21658,,552.415885853566,6968.91834354908,0.492772981524468,58.3920833333333,0.472202483894284,0.16349194659692
CPV,Cabo Verde,Cabo Verde,Republic of Cabo Verde,Sub-Saharan Africa,Lower middle income,,0.214548248052597,0.852472770214081,0.97151163816452,260043.9,261341.1,521385,7.64807,,,6495.39970625254,,54.2853125,0.735143988002581,0.0289278965741133
VNM,Vietnam,Vietnam,Socialist Republic of Vietnam,East Asia & Pacific,Lower middle income,,0.0264358480926603,0.16745421141386,-1.39133248329163,46253028.2,45949442.7,92202470.9,3.264594,28.2,664.977801200758,6391.89621642247,0.674961579680443,64.3542708333333,0.461573015618091,0.276849762022453
LAO,Lao PDR,Lao PDR,Lao People's Democratic Republic,East Asia & Pacific,Lower middle income,,-0.549852615594864,0.482239729166031,-1.76081893444061,3348185,3351147.9,6699332.9,6.665908,58.2,,6365.00876766398,0.455160252888997,49.0008333333333,0.406834623680716,0.128958061221168
WSM,Samoa,Samoa,Samoa,East Asia & Pacific,Upper middle income,,0.538508814573288,1.17281060218811,0.759517014026642,92867.4,99339.7,192207.1,2.609664,,,6152.65132937106,0.535407960414886,56.6738541666667,0.768924051069427,0.178162087959867
UZB,Uzbekistan,Uzbekistan,Republic of Uzbekistan,Europe & Central Asia,Lower middle income,,-0.573750507831573,-0.288585567474365,-1.77212316989899,15597285,15477620,31074905,2.357484,,1543.02437902061,5863.7112225962,0.622805714607239,47.3697916666667,0.343062677289403,0.258107696518535
IND,India,India,Republic of India,South Asia,Lower middle income,,0.142004176974297,-0.869414567947388,0.385869485139847,624935133.7,676980757.4,1301915891.1,2.127306,44.6,596.23283493978,5378.84646511656,0.472768903573354,67.8742708333333,0.542731145957717,0.143677371007319
NIC,Nicaragua,Nicaragua,Republic of Nicaragua,Latin America & Caribbean,Lower middle income,HIPC,-0.741525208950043,-0.440371099114418,-0.794458293914795,3136537.8,3047252.3,6183790.1,8.946448,,550.366296186185,5378.79921762568,0.515493088881175,47.9977083333334,0.401596046716863,0.169581173996899
HND,Honduras,Honduras,Republic of Honduras,Latin America & Caribbean,Lower middle income,HIPC,-0.65768438577652,-0.503895431756973,-0.47217048406601,4524023.6,4509906.9,9033930.5,7.709004,12.4,585.472257284721,5282.09494571342,0.483776357571284,60.2501041666667,0.431340356334328,0.149877878468907
NGA,Nigeria,Nigeria,Federal Republic of Nigeria,Sub-Saharan Africa,Lower middle income,,-1.03397994041443,-1.9654317855835,-0.370761561393738,88447662.1,90704047.2,179151709.3,11.199266,31.35,775.518609331982,5224.67016433953,0.35245433195432,51.0754166666667,0.293642802844103,0.0708929046120169
MRT,Mauritania,Mauritania,Islamic Republic of Mauritania,Sub-Saharan Africa,Lower middle income,HIPC,-0.750381255149841,-0.634766972064972,-0.818784761428833,1994341.1,2002580,3996921.1,7.501404,37.9,,4992.53572294249,0.368379190524419,43.0815625,0.383425442855703,0.0675774540138218
COG,Congo,Congo. Rep.,Republic of Congo,Sub-Saharan Africa,Lower middle income,HIPC,-1.18448231220245,-0.561912900209427,-1.14803528785706,2411793.4,2399324.1,4811117.5,11.503328,60.7,518.086913241202,4860.8002827472,0.416593249440193,38.3846875,0.324836005590828,0.10435254708552
DJI,Djibouti,Djibouti,Republic of Djibouti,Middle East & North Africa,Lower middle income,,-0.914352548122406,-0.456072202324867,-1.38911266326904,426401.6,479966.3,906367.9,2.037322,,,4728.55384516948,,32.2195833333333,0.334727724320535,0.0199171673552231
KGZ,Kyrgyz Republic,Kyrgyz Republic,Kyrgyz Republic,Europe & Central Asia,Lower middle income,HIPC,-0.762838351726532,-0.590154850482941,-0.417928165197372,2988972.3,2924867.7,5913840,3.74377,33.25,636.7266237285,4723.95795247041,0.590054438114166,77.668125,0.420516186921661,0.21460137031608
GHA,Ghana,Ghana,Republic of Ghana,Sub-Saharan Africa,Lower middle income,HIPC,-0.184007024765015,0.00199295878410339,0.567297184467316,13605623.8,13957724,27563347.8,6.906372,28.3,321.559248301351,4664.50386542907,0.444182163953781,59.7938541666667,0.600172811358878,0.116916680559859
CIV,CÃ´te d'Ivoire,CÃ´te d'Ivoire,Republic of CÃ´te d'Ivoire,Sub-Saharan Africa,Lower middle income,HIPC,-0.633959299325943,-0.936321818828583,-0.290618205070496,11368810.8,11642797.2,23011608,12.103188,47.9,572.096444182685,4296.54563799461,0.351673949480057,54.8533333333333,0.414855865956984,0.0618166221733745
PAK,Pakistan,Pakistan,Islamic Republic of Pakistan,South Asia,Lower middle income,,-0.645868241786957,-2.37519345283508,-0.751446855068207,95898617,101736156.4,197634773.4,4.010076,41.65,465.603489434538,4275.82651431743,0.398124536355337,59.0745833333333,0.260563907514931,0.0888015477929949
MMR,Myanmar,Myanmar,Republic of the Union of Myanmar,East Asia & Pacific,Lower middle income,,-1.09710748195648,-1.1149689912796,-0.920739674568176,27143711,25256362.7,52400073.7,2.927496,51.2,310.446692042415,4133.68010042966,0.474161509037018,55.4180208333333,0.308048551215648,0.132785485187347
SDN,Sudan,Sudan,Republic of the Sudan,Sub-Saharan Africa,Low income,HIPC,-1.53321306705475,-1.99253492355347,-1.7853015422821,19296755,19234968.9,38531723.9,7.286312,34,427.962653056851,4001.37777126292,0.377495216608047,38.6921875,0.128096697356541,0.073761453995978
PNG,Papua New Guinea,Papua New Guinea,The Independent State of Papua New Guinea,East Asia & Pacific,Lower middle income,,-0.699099457263947,-0.629689282178879,0.0908840484917164,3938914.4,4095966.4,8034880.8,5.468428,69.8,,3881.58958654243,0.412652352333069,35.5354166666667,0.466590684724653,0.0896554122006523
KEN,Kenya,Kenya,Republic of Kenya,Sub-Saharan Africa,Lower middle income,,-0.348046362400055,-1.20573675632477,-0.220975983142853,23799900.9,23489168.2,47289069.1,8.096164,41.8,471.070132320354,3794.93678961862,0.535646197954814,55.6863541666667,0.42326639481473,0.172630237506216
STP,SÃ£o TomÃ© and Principe,SÃ£o TomÃ© and Principe,Democratic Republic of SÃ£o TomÃ© and Principe,Sub-Saharan Africa,Lower middle income,HIPC,-0.687884426116943,0.319787010550499,0.295195698738098,98790.9,98903.6,197694.5,9.747724,19.1,,3711.29346015987,,46.2939583333334,0.56006918789284,0.0147292457168257
BGD,Bangladesh,Bangladesh,People's Republic of Bangladesh,South Asia,Lower middle income,,-0.724671518802643,-1.12678829431534,-0.631902396678925,76583036.2,78761140.5,155344176.7,8.59185,26.9666666666667,218.018249193759,3695.13310667138,0.467196573098501,58.2926041666666,0.36286314788715,0.124433285232358
KHM,Cambodia,Cambodia,Kingdom of Cambodia,East Asia & Pacific,Lower middle income,,-0.63989964723587,0.0788987353444099,-1.16087210178375,7887744.9,7509095.8,15396840.7,4.954924,47.65,391.208890959468,3491.2513908428,0.491758246978124,56.67875,0.419346939519584,0.14206619251046
ZMB,Zambia,Zambia,Republic of Zambia,Sub-Saharan Africa,Lower middle income,HIPC,-0.615543103218079,0.086459082365036,-0.261032378673553,7920827.8,7752168.5,15672996.3,12.859762,46,624.779193783261,3390.42589471794,0.394701034545898,57.9286458333333,0.499631856701832,0.0851564197909962
CMR,Cameroon,Cameroon,Republic of Cameroon,Sub-Saharan Africa,Lower middle income,HIPC,-0.793984115123749,-1.21930885314941,-1.06888822317123,11527175.3,11510386.7,23037562,11.33366,36.7666666666667,330.144607324725,3380.27002306927,0.391126284062862,55.2279166666667,0.312108189380324,0.0772825395461866
VUT,Vanuatu,Vanuatu,Republic of Vanuatu,East Asia & Pacific,Lower middle income,,-0.720566976070404,0.710561215877533,0.63024411201477,131853.2,135788.6,267641.8,5.098948,,,3133.7431050964,0.456802978833517,39.63,0.617118540238221,0.113508354228312
SEN,Senegal,Senegal,Republic of Senegal,Sub-Saharan Africa,Lower middle income,HIPC,-0.304610288888216,-0.084221126139164,0.294694897532463,7402415,7018904.1,14421319.1,7.815568,51.9,292.46027656236,2980.04246774155,0.412235256850719,59.133125,0.559861096102517,0.0877553607368281
BEN,Benin,Benin,Republic of Benin,Sub-Saharan Africa,Lower middle income,HIPC,-0.567733883857727,-0.0930365206673741,0.289455230534077,5249209.5,5209809.4,10459018.9,9.135146,28,403.324556233245,2942.51982359571,0.392206463158131,48.2516666666667,0.536942643786574,0.077113376162492
HTI,Haiti,Haiti,Republic of Haiti,Latin America & Caribbean,Low income,HIPC,-2.01779544353485,-0.699484026432037,-0.751665771007538,5376825.4,5238613,10615438.4,5.46957,16.65,391.126527010422,2901.67735549655,0.445784297307333,39.2376041666667,0.279248046405358,0.11024840425984
ZWE,Zimbabwe,Zimbabwe,Republic of Zimbabwe,Sub-Saharan Africa,Lower middle income,,-1.18182785511017,-0.716071140766144,-1.16059210300446,7168999.2,6512046.5,13681045.7,9.675796,38.5666666666667,802.39769925852,2854.1692414009,0.444875050425529,53.5357291666666,0.311808503774784,0.117228048171243
NPL,Nepal,Nepal,Nepal,South Asia,Lower middle income,,-0.942902600765228,-0.719528979063034,-0.232096633315086,14568304.2,12778616.8,27346921,7.114814,14.65,398.968835707414,2842.64611134362,0.497598058780034,52.9554166666667,0.411450843165035,0.142564892462909
TJK,Tajikistan,Tajikistan,Republic of Tajikistan,Europe & Central Asia,Low income,,-1.02733536958694,-0.729411256313324,-1.69919953346252,4154271,4228936.1,8383207.1,5.352082,61.6,306.632806803031,2793.75898615886,0.526414218107859,54.1114583333333,0.277046543891889,0.158623802797842
LSO,Lesotho,Lesotho,Kingdom of Lesotho,Sub-Saharan Africa,Lower middle income,,-0.804554533958435,-0.251251229643822,0.0300076242536306,1047014.3,1007500.5,2054514.8,9.069674,33.3,,2629.63969033439,0.377691382706166,53.5863541666667,0.482469775156634,0.0613623934227198
SLB,Solomon Islands,Solomon Islands,Solomon Islands,East Asia & Pacific,Lower middle income,,-1.0133659362793,0.43255016207695,0.474767917394638,293343.9,303169.5,596513.4,7.720266,,,2582.53477697337,0.431244108835856,38.686875,0.557536717613027,0.0946808466877514
TZA,Tanzania,Tanzania,United Republic of Tanzania,Sub-Saharan Africa,Lower middle income,HIPC,-0.683397626876831,-0.468576264381409,-0.317764821648598,25493984,25409573.2,50903557.2,12.09522,55.75,485.867639549715,2330.13358608944,0.392031925916672,60.6213541666666,0.445327705827486,0.0754447109201586
GIN,Guinea,Guinea,Republic of Guinea,Sub-Saharan Africa,Low income,HIPC,-0.987921917438507,-0.637380027770996,-0.771201324462891,5923027.8,5450181.7,11373209.5,14.057516,79.65,,2171.98040982277,0.371341691096624,41.8832291666667,0.367672703004025,0.0550493603820563
MLI,Mali,Mali,Republic of Mali,Sub-Saharan Africa,Low income,HIPC,-0.984317123889923,-1.88806934356689,-0.280987256765366,8627206.4,8630778.5,17257984.9,17.373178,80.9666666666667,,2143.71514015709,0.318924923181534,51.7671875,0.311605054317199,0.0220583724674527
GMB,The Gambia,Gambia. The,Republic of The Gambia,Sub-Saharan Africa,Low income,HIPC,-0.729215097427368,-0.0906849708408117,-0.751845794916153,1038618.8,1022462,2061080.8,8.454866,58.4,,2129.36533237912,0.398388300120831,45.5432291666667,0.433883423081407,0.0717807186032741
AFG,Afghanistan,Afghanistan,Islamic State of Afghanistan,South Asia,Low income,HIPC,-1.36102042198181,-2.68878049850464,-1.0253724694252,16425453.6,17315741.4,33741195,8.56699,85.2,,2043.84588722182,0.394257794300715,44.8505208333333,0.153005529215069,0.0687562071136255
UGA,Uganda,Uganda,Republic of Uganda,Sub-Saharan Africa,Low income,HIPC,-0.564951401948929,-0.686079585552216,-0.617938077449799,19281885.7,18628094.8,37909980.5,12.566338,53.65,,2034.30804367974,0.37302835303545,67.4926041666667,0.412055998774855,0.0554041882374443
BFA,Burkina Faso,Burkina Faso,Burkina Faso,Sub-Saharan Africa,Low income,HIPC,-0.620084738731384,-0.928677845001221,-0.051575724594295,8986287.8,8907748.7,17894036.5,11.004412,43.5,,1936.82162876837,0.362674298942089,51.9616666666667,0.437240832157371,0.048418675317508
RWA,Rwanda,Rwanda,Republic of Rwanda,Sub-Saharan Africa,Low income,HIPC,0.142190068215132,0.056129539757967,-1.12298147678375,5738479.7,5534044.3,11272524,3.97434,48.8,,1840.59661566384,0.376821593125661,65.3807291666667,0.485530554062873,0.0567933047237943
GNB,Guinea-Bissau,Guinea-Bissau,Republic of Guinea-Bissau,Sub-Saharan Africa,Low income,HIPC,-1.60502996444702,-0.539674532413483,-0.680979371070862,881335.4,836092.5,1717427.9,10.657196,41.8,,1838.73090144697,,37.1279166666667,0.33211061736696,0.00517937238964645
ETH,Ethiopia,Ethiopia,Federal Democratic Republic of Ethiopia,Sub-Saharan Africa,Low income,HIPC,-0.64501371383667,-1.46932957172394,-1.26528730392456,49830756.3,49782160.9,99612917.2,7.237554,65.7,490.067050009083,1727.96099223402,0.383961809873581,53.3865625,0.287754042760876,0.0673961349901459
TCD,Chad,Chad,Republic of Chad,Sub-Saharan Africa,Low income,HIPC,-1.50799701213837,-1.27542020082474,-1.38763480186462,6968438.8,6941151.1,13909589.9,16.977392,67.9,,1713.23816970815,0.294471603453159,32.5823958333334,0.221090268653292,0.00453937257441405
SLE,Sierra Leone,Sierra Leone,Republic of Sierra Leone,Sub-Saharan Africa,Low income,HIPC,-1.17317540645599,-0.0946699410676956,-0.184187677502632,3563408.8,3539104.3,7102513.1,12.009964,55.7,,1667.41598262887,0.3556627693971,50.1444791666667,0.445835713011146,0.0426509770300671
MDG,Madagascar,Madagascar,Republic of Madagascar,Sub-Saharan Africa,Low income,HIPC,-1.1777027130127,-0.368304514884949,-0.313091313838959,12021966.6,11950440.5,23972407.1,11.510974,45.2,,1565.65671939122,0.385034632444382,45.7266666666667,0.412744268609777,0.0605378207690355
LBR,Liberia,Liberia,Republic of Liberia,Sub-Saharan Africa,Low income,HIPC,-1.33858127593994,-0.418306905031204,-0.085101305693388,2201288.2,2215701.2,4416989.4,13.751154,39.75,,1528.04674627712,0.31852815357844,47.4954166666666,0.415167914450907,0.0186698933183738
TGO,Togo,Togo,Republic of Togo,Sub-Saharan Africa,Low income,HIPC,-1.07234175205231,-0.595061892271042,-0.666556859016418,3642352.1,3596367.1,7238719.2,9.035322,28.7,468.953145127168,1417.80089616213,0.408402602493763,57.7419791666667,0.373059612663773,0.0807301012482283
MOZ,Mozambique,Mozambique,Republic of Mozambique,Sub-Saharan Africa,Low income,HIPC,-0.839738082885742,-0.818995261192322,-0.415689158439636,13817432,12963722.6,26781154.6,15.387392,17.15,429.29153786377,1199.45024095865,0.359527895371119,54.1028125,0.396291098930245,0.0482379153188396
NER,Niger,Niger,Republic of Niger,Sub-Saharan Africa,Low income,HIPC,-0.711890864372253,-1.23854877948761,-0.439889118075371,9837400.7,9889101.8,19726502.5,19.326562,59.6,136.268674728464,1124.36415695204,0.316571548700333,55.8610416666666,0.37167696604573,0.0153850526977376
MWI,Malawi,Malawi,Republic of Malawi,Sub-Saharan Africa,Low income,HIPC,-0.705968701839447,-0.204682715982199,-0.0432418876327574,8393176.3,8148768.9,16541945.2,13.890124,13.9333333333333,,1015.15679702775,0.398780948102474,54.9814583333334,0.487978170970329,0.0663444234179846
BDI,Burundi,Burundi,Republic of Burundi,Sub-Saharan Africa,Low income,HIPC,-1.34267220497131,-1.82560105323791,-1.55383429527283,5071094.5,4973464.7,10044559.2,5.815776,67.35,,823.146874077673,0.374655233025551,52.4261458333333,0.177013132174251,0.0502468731870624
